-- MySQL dump 10.13  Distrib 8.0.22, for Win64 (x86_64)
--
-- Host: 127.0.0.1    Database: hotel
-- ------------------------------------------------------
-- Server version	8.0.22

/*!40101 SET @OLD_CHARACTER_SET_CLIENT=@@CHARACTER_SET_CLIENT */;
/*!40101 SET @OLD_CHARACTER_SET_RESULTS=@@CHARACTER_SET_RESULTS */;
/*!40101 SET @OLD_COLLATION_CONNECTION=@@COLLATION_CONNECTION */;
/*!50503 SET NAMES utf8mb4 */;
/*!40103 SET @OLD_TIME_ZONE=@@TIME_ZONE */;
/*!40103 SET TIME_ZONE='+00:00' */;
/*!40014 SET @OLD_UNIQUE_CHECKS=@@UNIQUE_CHECKS, UNIQUE_CHECKS=0 */;
/*!40014 SET @OLD_FOREIGN_KEY_CHECKS=@@FOREIGN_KEY_CHECKS, FOREIGN_KEY_CHECKS=0 */;
/*!40101 SET @OLD_SQL_MODE=@@SQL_MODE, SQL_MODE='NO_AUTO_VALUE_ON_ZERO' */;
/*!40111 SET @OLD_SQL_NOTES=@@SQL_NOTES, SQL_NOTES=0 */;

--
-- Table structure for table `order`
--

DROP TABLE IF EXISTS `order`;
/*!40101 SET @saved_cs_client     = @@character_set_client */;
/*!50503 SET character_set_client = utf8mb4 */;
CREATE TABLE `order` (
  `order_id` int NOT NULL AUTO_INCREMENT,
  `user_id` int NOT NULL,
  `total_amount` int NOT NULL,
  `created_date` timestamp NOT NULL,
  `last_modified_date` timestamp NOT NULL,
  PRIMARY KEY (`order_id`)
) ENGINE=InnoDB AUTO_INCREMENT=25 DEFAULT CHARSET=utf8mb4 COLLATE=utf8mb4_0900_ai_ci;
/*!40101 SET character_set_client = @saved_cs_client */;

--
-- Dumping data for table `order`
--

LOCK TABLES `order` WRITE;
/*!40000 ALTER TABLE `order` DISABLE KEYS */;
INSERT INTO `order` VALUES (15,6,555,'2023-10-06 00:10:26','2023-10-06 00:10:26'),(16,8,555,'2023-10-06 04:06:50','2023-10-06 04:06:50'),(17,9,4520,'2023-10-06 04:19:02','2023-10-06 04:19:02'),(18,9,7220,'2023-10-06 06:04:05','2023-10-06 06:04:05'),(19,9,6000,'2023-10-06 06:05:01','2023-10-06 06:05:01'),(20,9,8400,'2023-10-06 06:06:13','2023-10-06 06:06:13'),(21,9,2800,'2023-10-06 06:07:12','2023-10-06 06:07:12'),(22,9,5200,'2023-10-06 06:08:17','2023-10-06 06:08:17'),(23,10,6840,'2023-10-06 06:13:42','2023-10-06 06:13:42'),(24,10,8720,'2023-10-06 06:17:05','2023-10-06 06:17:05');
/*!40000 ALTER TABLE `order` ENABLE KEYS */;
UNLOCK TABLES;

--
-- Table structure for table `order_item`
--

DROP TABLE IF EXISTS `order_item`;
/*!40101 SET @saved_cs_client     = @@character_set_client */;
/*!50503 SET character_set_client = utf8mb4 */;
CREATE TABLE `order_item` (
  `order_item_id` int NOT NULL AUTO_INCREMENT,
  `order_id` int NOT NULL,
  `product_id` int NOT NULL,
  `quantity` int NOT NULL,
  `amount` int NOT NULL,
  PRIMARY KEY (`order_item_id`)
) ENGINE=InnoDB AUTO_INCREMENT=50 DEFAULT CHARSET=utf8mb4 COLLATE=utf8mb4_0900_ai_ci;
/*!40101 SET character_set_client = @saved_cs_client */;

--
-- Dumping data for table `order_item`
--

LOCK TABLES `order_item` WRITE;
/*!40000 ALTER TABLE `order_item` DISABLE KEYS */;
INSERT INTO `order_item` VALUES (20,15,9,1,555),(21,15,10,0,0),(22,16,9,1,555),(23,16,10,0,0),(24,17,39,2,1600),(25,17,36,2,1600),(26,17,35,2,1320),(27,18,39,2,1600),(28,18,38,3,2700),(29,18,36,2,1600),(30,18,35,2,1320),(31,19,39,3,2400),(32,19,38,4,3600),(33,20,39,2,1600),(34,20,38,4,3600),(35,20,36,4,3200),(36,21,39,2,1600),(37,21,40,3,1200),(38,22,40,3,1200),(39,22,39,3,2400),(40,22,36,2,1600),(41,23,36,3,2400),(42,23,35,4,2640),(43,23,37,3,1800),(44,24,39,2,1600),(45,24,40,3,1200),(46,24,38,2,1800),(47,24,35,2,1320),(48,24,36,2,1600),(49,24,37,2,1200);
/*!40000 ALTER TABLE `order_item` ENABLE KEYS */;
UNLOCK TABLES;

--
-- Table structure for table `product`
--

DROP TABLE IF EXISTS `product`;
/*!40101 SET @saved_cs_client     = @@character_set_client */;
/*!50503 SET character_set_client = utf8mb4 */;
CREATE TABLE `product` (
  `product_id` int NOT NULL AUTO_INCREMENT,
  `product_name` varchar(128) NOT NULL,
  `category` varchar(32) NOT NULL,
  `image_url` varchar(256) NOT NULL,
  `price` int NOT NULL,
  `stock` int NOT NULL,
  `description` varchar(1024) DEFAULT NULL,
  `created_date` timestamp NOT NULL,
  `last_modified_date` timestamp NOT NULL,
  PRIMARY KEY (`product_id`)
) ENGINE=InnoDB AUTO_INCREMENT=12 DEFAULT CHARSET=utf8mb4 COLLATE=utf8mb4_0900_ai_ci;
/*!40101 SET character_set_client = @saved_cs_client */;

--
-- Dumping data for table `product`
--

LOCK TABLES `product` WRITE;
/*!40000 ALTER TABLE `product` DISABLE KEYS */;
INSERT INTO `product` VALUES (5,'蘋果（澳洲）','FOOD','https://cdn.pixabay.com/photo/2016/11/30/15/00/apples-1872997_1280.jpg',30,10,'這是來自澳洲的蘋果！','2022-03-19 09:00:00','2022-03-22 10:00:00'),(6,'蘋果（日本北海道）','FOOD','https://cdn.pixabay.com/photo/2017/09/26/13/42/apple-2788662_1280.jpg',300,5,'這是來自日本北海道的蘋果！','2022-03-19 10:30:00','2022-03-19 10:30:00'),(7,'好吃又鮮甜的蘋果橘子','FOOD','https://cdn.pixabay.com/photo/2021/07/30/04/17/orange-6508617_1280.jpg',10,50,NULL,'2022-03-20 01:00:00','2022-03-24 07:00:00'),(8,'Toyota','CAR','https://cdn.pixabay.com/photo/2014/05/18/19/13/toyota-347288_1280.jpg',100000,5,NULL,'2022-03-20 01:20:00','2022-03-20 01:20:00'),(9,'BMW','CAR','https://cdn.pixabay.com/photo/2018/02/21/03/15/bmw-m4-3169357_1280.jpg',500000,1,'渦輪增壓，直列4缸，DOHC雙凸輪軸，16氣門','2022-03-20 04:30:00','2023-09-14 07:23:56'),(10,'Benz','CAR','https://cdn.pixabay.com/photo/2017/03/27/14/56/auto-2179220_1280.jpg',600000,0,NULL,'2022-03-21 12:10:00','2023-09-14 07:23:56'),(11,'Tesla','CAR','https://cdn.pixabay.com/photo/2021/01/15/16/49/tesla-5919764_1280.jpg',450000,5,'世界最暢銷的充電式汽車','2022-03-21 15:30:00','2022-03-21 15:30:00');
/*!40000 ALTER TABLE `product` ENABLE KEYS */;
UNLOCK TABLES;

--
-- Table structure for table `tour`
--

DROP TABLE IF EXISTS `tour`;
/*!40101 SET @saved_cs_client     = @@character_set_client */;
/*!50503 SET character_set_client = utf8mb4 */;
CREATE TABLE `tour` (
  `product_id` int NOT NULL AUTO_INCREMENT,
  `tour_name` varchar(128) NOT NULL,
  `city` varchar(32) NOT NULL,
  `address` varchar(1024) NOT NULL,
  `tel` varchar(32) DEFAULT NULL,
  `image_url` varchar(256) NOT NULL,
  `tickets` int DEFAULT NULL,
  `stock` int DEFAULT NULL,
  `introduce` varchar(2048) DEFAULT NULL,
  `created_date` timestamp NOT NULL,
  `last_modified_date` timestamp NOT NULL,
  PRIMARY KEY (`product_id`)
) ENGINE=InnoDB AUTO_INCREMENT=143 DEFAULT CHARSET=utf8mb4 COLLATE=utf8mb4_0900_ai_ci;
/*!40101 SET character_set_client = @saved_cs_client */;

--
-- Dumping data for table `tour`
--

LOCK TABLES `tour` WRITE;
/*!40000 ALTER TABLE `tour` DISABLE KEYS */;
INSERT INTO `tour` VALUES (1,'東眼山森林遊樂區','桃園市','復興區霞雲里佳志35號','886-3-3821506','https://travel.tycg.gov.tw/content/images/attractions/72258/640x480_attractions-image-3sha2qdhfe68d7z_pr14sw.jpg',1000,50,'東眼山森林遊樂區位於桃園市復興區，屬於雪山山脈的尾端，從桃園阿姆坪遠眺，山形頗似躺著的少女以大眼睛向東而望，讓「東眼山」之名不脛而走。整個遊樂區面積近一千公頃，擁有綿延三百多公頃的柳杉樹海奇景。區內以海拔1212公尺的「東眼山」地勢最高，自山頂可飽覽周圍山景連綿，遠眺桃園、三峽、淡水河等景致，也是觀賞桃園夜景的好去處。「柳杉林」和「雲海」是東眼山的最大特色，由於海拔約在一千公尺上下，早年為人工造林地，因此杉木林成為園區最重要的景觀，綿延達數百公頃，林木茂密，林相蒼翠蓊鬱，也由於森林覆蓋良好，區內兩棲類生態相當豐富，讓東眼山成為親子互動與生態教育的好去處；山區內地形起伏多變，每當午後時常雲霧湧集，繚繞於山林之間，此刻是東眼山最美的時刻，若是幸運的話，還可遇見彩虹落在少女的眼上。東眼山森林遊樂區擁有長達16公里的森林浴步道，主要包含了可攀爬標高1,212公尺東眼山主峰的「自導式步道」；以林業文化及伐木集材展示為主題的「知性步道」；位於林道盡頭，一大一小狀似慈母帶著小孩的「親子峰步道」；展示約三千萬年前生痕化石的「化石林道」等四大登山步道，每條步道生態景觀、林相風光各有不同，讓遊客可以從不同角度來親近東眼山。遊玩東眼山最精華的方式，就是走在自導式的遊園步道，步道含支線全長約4公里，若是由此前往東眼山主峰三角點，全程約1.6公里，除了可依循林務局所贈送的導覽摺頁介紹，也可以自行依指標前往。步道設置有多個圖文並茂的解說站牌，沿著枕木步道拾階而上，全程只需約60分鐘就可以登頂，沿途動植物生態豐富，讓人沈醉在大自然景觀與芬多精SPA的樂趣中；抵達海拔標高1212公尺的步道最高處又是另一番風情，從觀景平台遠眺，四周群山環繞，令人心曠神怡，在天氣晴朗時甚至可以遠眺大台北盆地；在觀景台上，不時有雲霧飄來，與綠色山巒交織出絕美風景。而位於餐廳後方的知性步道，全線林相茂密，偶有小溪流經，林業文化與機具的展示也是知性步道最吸引人的特色，在此能同時感受自然芬多精與歷史文化的洗禮。\",\n          \"Description\": \"飄渺雲海間，高聳杉木林挺拔向上，行走在海拔1212公尺的山巒間，享受天然森林浴的同時，也可一窺千年化石和珍稀山鳥。','2023-09-18 06:00:19','2023-09-18 06:00:30'),(2,'北橫三橋','桃園市','復興區七號省道21公里處','886-3-3322101','https://travel.tycg.gov.tw/content/images/attractions/93293/640x480_attractions-image-8b7hzuxmwegoethclqozsg.jpg',520,50,'北橫公路沿著大漢溪溪谷而建，山谷跨越交會處有建置深具設計感的大橋，羅浮橋、復興橋及巴陵橋，並列北橫三橋，由於羅浮橋採用拱形橋墩設計，加上大紅色的鮮艷色彩，讓遊客走在北橫公路更別有一番視覺享受。羅浮橋是一座全長230公尺的拱型鐵橋，周邊設有行人徒步區和觀景平台，能居高臨下欣賞這裡的山水美景，也讓遊客停留賞景及攝影，尤其在美麗的晴天，紅色的羅浮橋倒影和一旁的青山綠水相互輝映，吸引許多攝影好手前來捕捉美麗的影像。','2023-09-18 06:00:35','2023-09-18 06:00:40'),(3,'拉拉山巨木區','桃園市','復興區華陵里11鄰205號','886-3-3912142','https://travel.tycg.gov.tw/content/images/attractions/6648/640x480_Filedata635548653416293517.jpg',1024,100,'19號巨木暫停開放。 都說歲月是把刀，親臨位於拉拉山國家森林遊樂區內的巨木群，抬頭仰望如史詩般的千年奇景，這把刀的精工雕琢絕對令人無比震撼！拉拉山巨木區地處桃園復興區與新北烏來區交界，全區海拔介於1500公尺至2130公尺，共有24株巨木，樹齡介於500年至1495年，是全台灣另一處可與阿里山齊名的巨木保護區。旅人循著巨木群環狀步道而行，即能一次近距離捕獲所有巨木。區內巨木除了9號巨木為台灣扁柏，其餘皆為台灣紅檜。 從拉拉山生態教育館停車場步行約700公尺的碎石路，即可見到樹齡1400年、高約41公尺、樹圍9.8公尺，需要5個成人才能環抱的1號巨木，壯闊之姿盡顯時間之流的刻畫痕跡。初入步道，欣賞這片原始山林為旅人帶來的見面禮後，接下來的驚喜令人更加期待。持續前行，依序抵2號、3號巨木，在陡坡奮力拔地而起的樹根，展現力與美的狂野姿態。4號巨木旁有休憩空地，杉木橋畔潺潺溪水聲、鳥語啁啾，滌淨登山的疲憊。稍作休息後，於此右轉上梯可依編號循序造訪每株巨木，左轉則是緩坡前往22號巨木。右轉走到底抵達樹齡最長的5號巨木，下方根處還有個自然生成的大樹洞。站在有逾百年歷史的老樹前，人類顯得尤其渺小，敬畏之心也油然而生。 參天林蔭溫柔篩去了陽光，穿梭其中不但不感炎熱，還能愜意享受山中涼意。持續前行至9號｢母子｣巨木，是稀有的台灣扁柏。原來的一代樹﹙母樹﹚已死亡，二代樹﹙子樹﹚猶如世代交替般在這片原始林中持續生長，至今已有440年樹齡。步道至此開始為下行。鄰近達觀亭的18號神木，是2株千年神木連生而成，樹圍達19.2公尺，是全區最大的巨木。拉拉山自然保護區除了有豐富的林相，更有多達60多種的鳥類和珍奇動物，如長鬃山羊、山羌、文豪氏赤蛙等，爬山之餘，找一找這些特有種在哪裡，為旅行增加樂趣','2023-09-18 06:00:45','2023-09-18 06:00:49'),(4,'綠光森林','桃園市','復興區霞雲里3鄰志繼19號之2','886-3-3822696','https://travel.tycg.gov.tw/content/images/attractions/65541/640x480_attractions-image-w6z_10tdf0akkzgul35haw.jpg',520,100,'綠光森林位於復興區往東眼山的路上，標高700公尺，遠眺南北插天山，是復興區公認景色最美的景點！園區占地三甲還設有裝置藝術，吸引許多遊客駐足拍照。綠光的春天有螢火蟲、夏天採桂竹筍、秋天賞落雨松，冬天常有雲海，所在霞雲里常現美麗的彩霞，一年四季美不勝收，是北部的小清境！綠光森林除了民宿提供住宿服務， 園區平日都可入園，1樓是可容納百人的餐廳，有供應早餐、午餐、下午茶，是休閒放鬆的好地方！ ﹙圖文來源：綠光森林﹚','2023-09-18 06:00:52','2023-09-18 06:00:56'),(5,'桃園酒廠','桃園市','龜山區文化一路55號','886-3-3283001#380','https://travel.tycg.gov.tw/content/images/attractions/18953/640x480_files636173280993791010.jpg',100,50,'行經文化一路，目光很難不被巨大酒瓶模型吸引過去；這裡是北部擁有最大產出率的酒廠－桃園酒廠(2014年由林口酒廠更名)，整併台北酒廠、板橋酒廠、樹林酒廠後，目前為設備最新的製酒工廠。酒廠旁公園有著酒甕裝置藝術，入口步道葡萄藤蔓環繞，綠樹林立，充滿悠然品酒氛圍。桃園酒廠為全台第一家現代化、也是唯一生產日式清酒的釀製廠，廠內詳盡介紹悠久釀酒歷史，並可看到桃園酒廠最具代表性的產品－「玉泉清酒｣，從米的挑選、浸泡、到酒麴發酵等製程，皆以小型模型完整呈現。近聞酒粕散發的高雅香氣，令人期待製成的清酒滋味。現場提供清酒試喝，溫潤口感，一飲難忘。廠內的「酒銀行｣，即是大眾熟知的酒窖，中式婉約的室內空間，營造品酒吟釀的愉悅。每一甕記名的女兒紅、狀元紅，象徵著對子女的祈願，整室芬芳，令人徹底沉醉於歲月沉香。       酒廠特別針對團體開設DIY體驗課程，最受歡迎的鹽麴、酒粕手工皂教學製作，過程簡單，不只大、小朋友都玩得不亦樂乎，天然護膚效果也深受女性顧客喜愛。此外，還有運用近年來在日本討論度極高的鹽麴製作，以及創意調酒，讓豐富的口感大肆刺激味蕾。逛酒廠除了有好酒禮盒為絕佳伴手禮，沒有品酒習慣的旅客亦可選購酒類周邊產品－如內含「平民版的SK II｣的「清酒粕面膜｣、引起搶購潮的「紅麴養身薄餅｣、風味絕佳的「紹興香腸｣等等，讓人入酒廠而不空手而歸。\",\n          \"Description\": \"享譽國際的玉泉清酒是怎麼製作的﹖來趟酒廠除了認識隱藏在溫潤口感之下的文化內涵，還能DIY酒粕皂、鹽麴，深究清酒之奧妙','2023-09-18 06:01:04','2023-09-18 06:01:09'),(6,'可口可樂世界','桃園市','龜山工業區興邦路46號','886-8-00311789','https://travel.tycg.gov.tw/content/images/attractions/21113/640x480_files636313959784398436.jpg',505,20,'1886年5月8日「可口可樂」在美國亞特蘭大市誕生。從第一年平均一天賣出9杯到現在每天19億杯，從一個「可口可樂」產品到橫跨全球500多個品牌，從一個城市到現在超過200個國家，「可口可樂」創造出了飲料界最不平凡的傳奇故事。「可口可樂世界」共九大展區，展出超過千件難得一見的收藏品，除了琳瑯滿目的期間限定與地區限定商品外，更有各種特殊珍藏。收藏於時光長廊中超過百年歷史的「直身瓶」可窺見曲線瓶蛻變前的雛形，更可透過「可口可樂 太空罐」了解1985年太空梭挑戰者號升空，太空人在無重力狀態該如何喝「可口可樂」。另外，長期贊助奧運以及各種運動賽事的「可口可樂」在館中特別展示的三支珍藏的奧運聖火炬，是運動迷不可錯過的重點展品。而運用青瓷、石墨、木雕及植物等多種特殊材質成型的「可口可樂」曲線瓶，更是令收藏迷大開眼界。時尚迷最愛的則是由八大時尚品牌設計師為「Coke light」瓶身所改裝設計的「向時尚致敬」設計瓶組。想知道「可口可樂」如何建立起充滿歡樂魅力、豐富創意的國度嗎？歡迎來到位在桃園的「可口可樂世界」，來一趟「可口可樂」之旅，從時光長廊走進「可口可樂」的歷史，並探訪「可口可樂」的生產過程，以及「可口可樂」100多年來的精彩的發展故事，這一切都將在「可口可樂世界」為您展開！\",\n          \"Description\": \"9大展區帶你一探橫掃全球的紅色旋風﹔錯過太可惜的絕版商品、19世紀美國街道神還原、見證榮耀的奧運聖火把…，可樂迷必訪','2023-09-18 06:01:13','2023-09-18 06:01:16'),(7,'溪海休閒農業園區','桃園市','大園區溪海里16鄰','886-3-3322101','https://travel.tycg.gov.tw/content/images/attractions/67622/640x480_attractions-image-lol7hlgkmeclteu4ujy2cg.jpg',444,30,'想要一圓務農夢，不必擁有一畝田！位於國門之境的溪海休閒農業區，是見證近年來農業邁入｢新世代｣的典型範例。以往只能從書本上｢理解｣的知識，隨著農人｢解密｣耕作經過後，旅人們能從親身體驗種西瓜、採小黃瓜、挖地瓜的過程當中，了解常見的食材是如何從農田到餐桌。不只如此，來到全台花市批發的大本營，當然少不了逛花海、玩園藝，恣意感受花草帶來的療癒魅力。所謂的樂活，其實不必遠求。 溪海休閒農業園區內目前有多家休閒農場、花卉農場和園藝農場，區內主要農產品除了稻米，還有「三瓜一麥」﹙西瓜、香瓜、地瓜、蕎麥﹚等多種蔬果。不妨拿起鋤頭來當一日小農﹔甫推出即秒殺的種瓜體驗，讓城市旅客搖身一變庄腳人，感受｢自種自收｣的實在感﹔放牧雞場撿雞蛋，好蛋壞蛋輕鬆辨﹔揉麵、發酵、蒸煮，四色饅頭自己做更安心﹔看起來精緻、用起來好洗的手工海芋皂DIY，新手也能體驗製｢皂｣趣﹔想像自己是個設計師，拿起畫筆，創作獨一無二的斗笠&hellip;，農村新奇事，讓旅程豐富又充實。 除了生產農作物，花卉也是溪海休閒農業園區的大宗產物。全台三大主要花市﹣虎尾、內湖、建國的切花供應產區都是從溪海花卉園區而來！台北花博、台中新社花海節的花卉也來自於此！園區內一年四季皆有花朵盛開，無論何時來訪都不會讓人失望。不管是騎著單車漫遊田埂路，悠然徜徉在一望無際的橙黃秋菊，或是走進向日葵花田，感受被花海包圍的無比浪漫，都各有樂趣。而在地連年舉辦的桃園彩色海芋季、桃園花彩節，每年都吸引上百萬人次一睹燦爛美景。砌一壺花草茶搭配香酥鬆餅，一邊欣賞花海，一邊遠眺飛機起落，是最行家的玩法。','2023-09-18 06:01:22','2023-09-18 06:01:26'),(8,'白沙岬燈塔','桃園市','觀音區新坡下16號','886-3-4732249','https://travel.tycg.gov.tw/content/images/attractions/48707/640x480_attractions-image-uoane3hfy0ginrdhrd8nqq.jpg',666,50,'白沙岬燈塔位於觀音海岸，在台南國聖燈塔未興建前，曾是台灣本島最西邊的燈塔，週邊設有環形步道，還可順遊觀音濱海遊憩區。白沙岬雪白的塔身在蔚藍海天之間顯得更為耀眼，西元1901年點燈啟用後，在日治時期就已是台灣著名勝景，歷經百年以上的歲月洗禮，在2001年獲選入列文建會「台灣歷史建築百景」，燈塔建築本體、圍牆與日治時期的日晷儀隔年公告成為桃園第一座縣定古蹟，2021年5月公告為桃園第二座國定古蹟，是目前保存最完整的日治初期燈塔。 白沙岬燈塔燈高約37公尺，僅次於墾丁鵝鑾鼻燈塔，這座燈塔最特殊的地方就在於，是台灣唯一使用紅磚與石頭建造而成的，不同於台灣其他使用水泥構成的燈塔。在清領末期，燈塔機具多由英法進口，製造商先將塔身、燈具等零件鑄造完成，再以船舶方式運送至預定地點裝配而成，耗費三年完工的白沙岬燈塔卻不是由鑄鐵組裝而成，而是採用日語所稱的「煉瓦石造」之雙層磚石耐震構造為其特殊處，磚造圓形燈塔上段是由大塊石材組砌成托架，來承托鑄鐵造的塔頂，歷經二次大戰的戰機掃射，以及多次地震風災而無嚴重損傷。 燈塔迄今仍屹立不搖，照亮臺灣海峽，守護海上往來船隻。塔身建築與內部設施跨越一世紀，同時還保存著包括日治時期的日晷，可根據太陽照射後所留下的影子判斷時間、方位與緯度，曾有著決定燈塔開關燈的重要地位；另外，還有一座由上海機器局製造的時鐘，以及從日治時代便存在的百年苦楝樹，依舊蒼勁挺拔的聳立在庭園中，一派幽然。這座臺灣海峽的明燈，周遭環境整理得十分幽靜，除了有小橋流水、稻田與池塘，還有木棧道與清涼曲徑，燈塔本身就是入鏡的好背景，自行車可停在路邊再步行進入園區。園區內有一間導覽室，可讓遊客更加了解燈塔內的各項設備；燈塔旁設有環形步道、公園、涼亭、廣場和兒童遊戲設施，步道沿著觀音溪畔修築，除了有小橋流水、稻田與池塘，還可遠眺觀音海濱著名的風車景觀；鐘塔廣場及觀音溪人形拱橋則是拍攝婚紗照的好去處。','2023-09-18 06:01:34','2023-09-18 06:01:37'),(9,'觀音自行車道','桃園市','觀音區大湖路二段','886-3-3322101','https://travel.tycg.gov.tw/content/images/attractions/48904/640x480_attractions-image-qbtlliefkuiz71oajsnsfq.jpg',555,36,'桃園特色地景﹣｢埤塘｣、｢蓮花｣一把抓！觀音自行車道由市道112分為南北雙環路線。北環｢埤塘之旅｣全程6公里，沿途一座座的埤塘如水晶般閃耀的美麗景色，令人驚艷。南環｢蓮園之旅｣則串聯多座休閒農場，全程7.5公里的路程，除了可以欣賞蓮花搖曳之姿，還有蓮子風味餐值得品嘗。北環埤塘之旅自學校埤旁的福新路為起點，微風徐徐下，讓人不由得放慢了速度，品味夕陽西下映照在湖面的悠然畫面。福山路二段上，700棵白千層樹綠蔭綿延近3公里，陽光透過林間縫隙撒下，時間緩緩流動中，身心都感舒暢。每年夏末至冬初，叢叢白千層花點綴綠林，為旅行增添白色驚喜。2017地景藝術節以觀音廣福社區為展區之一，在北環沿線設裝置藝術，引領旅人領略豐富的自然生態，同時玩味藝術之趣。 南環｢蓮園之旅｣自11線道轉桃84新華路或桃99金華路進入，循指標可抵。此外，騎乘自行車向南行可穿越66號東西向快速道路，連接新屋的蓮園，在每個季節呈現一片片不同主題的花田，向日葵、薰衣草、波斯菊等花海爭奇鬥豔招呼來客，行經其間，十分愜意，也是情侶、親子們捕捉鏡頭的好地點。暢遊觀音自行車道的遊客不必自備單車，附近蓮園都有提供出租的服務，玩累了，許多農園都附設有餐飲服務，來份下午茶，正是人間好時節。\",\n          \"Description\": \"白千層林道引領你通往一場與農村共舞的時光，逗趣的草編裝置藝術迎接遠來的你，還有沿途一座座的埤塘和蓮田都是獨家風景。','2023-09-18 06:01:44','2023-10-06 04:06:50'),(10,'甘泉寺','桃園市','觀音區甘泉街一號','886-3-4732622','https://travel.tycg.gov.tw/content/images/attractions/72297/640x480_attractions-image-a-gabvi8-ec4znkik6lrtg.jpg',1000,50,'已有150多年歷史的甘泉寺，為觀音區著名地標，也是居民最重要的信仰中心，經過數次修繕後，三堂五門的大廟，十分富麗堂皇。而泉水終年不絕的甘泉井，則位在廟宇左側的公園內，常有許多信徒慕名前來取水，每年農曆4月22日「觀音出水日｣為地方盛事。(資料摘錄於桃園市政府民政局出版之公益寺廟認證)','2023-09-18 06:01:52','2023-10-06 04:06:50'),(11,'大佳碼頭','台北市','中山區','886-2-27208889','https://www.travel.taipei/image/63327',2000,50,'大佳碼頭位於圓山基隆河左岸，圓山昔稱圓仔山，是大龍峒地形上的龍頭之地，由於基隆河流經，過去曾是海水進出的湖沼地區，經過開挖發掘的圓山遺址及貝塚，證明當時先民生活的位址。緊依著圓山的劍潭之地，因國姓爺鄭成功插劍水潭取水而得名，日據時期日人曾於今圓山飯店旁忠烈祠西側之地，興建臺灣神社及神宮外苑花園，由此可見其地理位置之重要性。大佳碼頭位於基隆河南岸、大直橋以西約200公尺的地方。這裡是「藍色水路」的遊艇碼頭，從這裡有大佳到圓山、大佳到內湖科學園區單點來回兩個航線','2023-09-18 06:13:32','2023-09-18 06:13:33'),(12,'景美溪河濱自行車道','台北市','文山區','886-2-27258149','https://www.travel.taipei/image/63334',1500,66,'有青山綠水相伴的景美溪河濱自行車道，沿線有動物園，政大球場及青草綠茵，溪流常有魚群穿梭，適合攜家帶眷全家出遊的路線。沿線的景觀相當豐富，翠綠草地，清澈溪流讓人感覺非常舒適，此外，於道南河濱公園內還設有各式各樣的運動場所，如籃球場、溜冰場、羽球場等，每到傍晚便可看到許多人或走或騎自行車到這兒來進行各種運動，是一個充滿活力的自行車道。','2023-09-18 06:14:05','2023-09-18 06:14:07'),(13,'陽明山國家公園_冷水坑','台北市','士林區','886-2-28610036','https://www.travel.taipei/image/63378',888,70,'冷水坑溫泉位在七星山與麻瘋山（七股山）間的東側谷地，原是一標準的爆裂口，後遭天然侵蝕及人為開墾，僅剩下不明顯的凹谷外形，主要的岩石為凝灰石角礫岩及紫蘇輝石角閃石安山岩，泉源附近岩質大部分受熱液換質作用，呈黏土化。冷水坑地底湧出的泉水約在攝氏40度左右，遠低於其它溫泉區水溫因而得名。這裡也是台灣唯一的沉澱硫磺礦床，泉水呈現乳白色，因而被稱為牛奶池。冷水坑溫泉是地下水間接傳導加熱而成的，有中性碳酸氫鹽泉及弱酸性硫酸鹽泉兩種不同泉質。附近的涓絲瀑布與夢幻湖生態保護區也是熱門景點之一，在這麼天然的環境中，常常會碰上自然界的朋友，常見的有長腳赤蛙、尖鼻赤蛙（叫聲如鳥鳴的斯文豪氏赤蛙），以及滿身痔瘤的盤古蟾蜍，和一些蛇類和爬蟲類，在顧慮安全之餘外，基於尊重環境，也請不要去打擾它們喔','2023-09-18 06:14:36','2023-09-18 06:14:38'),(14,'陽明山溫泉區_小油坑','台北市','北投區','886-2-28617024','https://www.travel.taipei/image/63396',777,77,'小油坑為一處後火山活動地質景觀區，由陽金公路的小觀音站右轉可達觀景步道，以「後火山作用」所形成之噴氣孔、硫磺結晶、溫泉及壯觀的崩塌地形最具特色。而在這裡的眺望平台還可遠眺竹子山、大屯山、七星山與小觀音山等火山錐體，以及金山海岸、停車場等。喜歡觀察植物的遊客，還可以用十幾分鐘的時間，一遊附近的箭竹林步道，觀察箭竹林、芒草原和火山植物。','2023-09-18 06:14:39','2023-09-18 06:14:40'),(15,'大屯山系_忠義山親山步道','台北市','北投區','886-2-27593001','https://www.travel.taipei/image/63420',999,99,'忠義山又叫小八里分山，石階攀登、林蔭密佈是其最大特色，慢步攀登、享受林間涼爽，是極佳的有氧運動場地。忠義山親山步道位於臺北藝術大學後山的忠義山親山步道，沿途林木密集，路徑遮陽率在百分之九十以上，是一條原始幽靜的步道，對怕晒的山友來說，這裡是最佳之選的路徑；只不過沿途多處石階，尤其是登頂前盡是上坡石階，須不錯的腳力和體力才能勝任，呼吸的節奏更應適時調整，否則會走得氣喘吁吁、上氣接不到下氣。有氧健行　美麗一身忠義山親山步道離市區近，所以不論晨昏，附近居民常會來這裡練腳力和體力；到了假日，就算是陽光熾熱的天氣，步道上上下下的人潮始終沒斷過。登頂前盡是上坡步階，雖然路程不算長，隨著石階攀升，呼吸也變得急促，尤其後段直挺挺的步道最是需要好好調勻呼吸，不然免不了要氣喘吁吁。前一小段路還能拐到岔路旁、在行天宮後院步道的涼亭歇歇腳，後半段若要小歇，接近指標之前的石階護欄較寬敞，可以就地取材充當便椅。看到綠色欄杆出現，山頂就不遠了。到了頂上寬廣的平台，不但有長排座椅好休息，如果想趁全身帶氧量正充沛之際，好好活絡一下全身細胞，就踏上樹蔭下的卵石步道，直接從腳底喚醒平日久怠不興的循環系統。那麼，接下來要挑戰陡峭山徑就能得心應手啦。走一趟忠義山步道，像進入天然的有氧教室，讓全身「缺氧」的細胞Up Up，而且這回不須繳會員費，也不怕店家突然歇業，只要邁開腳步上山去就成了。自然樂章　健康一生沿捷運軌道旁的綠色步道往行天宮走去，眼前就是山川美景，還沒走到登山口就見青翠山色躍然於前，欣喜雀躍之情油然而生，腳步也跟著輕盈了起來。拾級而上，沿路常見高大的樹木，松林、刺竹等茂盛樹林擋住了大半刺目的陽光，此起彼落的蟲鳴鳥叫生氣蓬勃，像是用高亢聲調歡迎來訪的客人。途中瞥見北投市景，登上山頂視野更好，可遠望觀音山和淡水河。聽說在忠義山看觀音山，山形最美，可得把握好好瞧一瞧。山頂高原平坦寬闊，有時引來小白鷺駐足停歇，和眼前一片貧脊的紅土層相映成趣。才「豁然開朗」，轉入下坡路段，景觀全然不同。林間綠蔭更密，幾乎見不到樹林外的風景，也更顯得遺世獨立。尤其由寬敞的空間乍然轉換至狹窄的小徑，初入步徑可能會納悶前方可還有道路，或是以為走錯路徑。在路旁輔助繩索的引導之下，中途來到一處遠眺的好據點。停駐岩塊上，更可好好欣賞觀音山和淡水河，此時山水美景不偏不倚，直立於正前方。走出林蔭小徑，眼前視野又逐步開展。最後一段路程途中，整個關渡平原一覽無遺，捷運北投機房、醒目的焚化爐高塔，一一清晰分明映入眼簾，為今天的行程畫個完美的句點。','2023-09-18 06:14:41','2023-09-18 06:14:42'),(16,'國立故宮博物院','台北市','士林區','886-2-28812021','https://www.travel.taipei/image/221739',666,55,'立故宮博物院於1965年在外雙溪落成，中國宮殿式的建築，一至三樓為展覽陳列空間，四樓為休憩茶座「三希堂」。藏有全世界最多的中華藝術寶藏，收藏品主要承襲自宋、元、明、清四朝，幾乎涵蓋了整部五千年的中國歷史，數量近70萬件，使國立故宮博物院擁有「中華文化寶庫」的美名。故宮博物院內有兩種故宮三寶，一為藝術學界內的故宮三寶，三幅北宋巨碑式水墨畫，但因許多年才展出一次，鮮少人能親眼見到，便又分支出民間版的故宮三寶，也就是翠玉白菜、肉形石、毛公鼎。此三寶因像華人民間小吃「酸菜白肉鍋」，故被封為此稱號。國立故宮博物院院區左右側各有一座園林，左側為至善園，右側為至德園。至善園為仿宋代建築而建的庭園，除每周一休園，其餘時間皆可入園參觀，園內有兩座池、三處涼亭，還有許多魚及小動物，非常適合一家大小前來賞園。至德園位於至善路與故宮路交叉口，目前為免費參觀。園區面積不大，入口處是一個別緻的古典圓拱門，園內有一座蓮荷池，夏日來此可以看到大量的蓮花盛開。不想假日人擠人參觀故宮的話，故宮還提供了線上故宮的部分，可以透過展覽搶先看觀賞各展覽介紹；利用典藏賞析欣賞各個藏品的美麗樣貌；奇幻互動還能讓你有如進入書畫中，一起感受古人的作品；如果還不夠，可以一同走進故宮，利用720° VR讓你彷彿置身於故宮裡，在虛擬實境空間探索各區域，並能隨時隨地觀看或聆聽展覽及藏品介紹，讓你在家猶如身在故宮。國立故宮博物院除了展覽品豐富以外，提供專業導覽，並定期舉辦各類文物研習課程、專題演講及巡迴展出活動，出版百種以上的刊物及專輯，實為世界的文化寶地，國立故宮博物院是來臺灣旅遊的必訪之地。(部分資料來源：國立故宮博物院)','2023-09-18 06:14:43','2023-09-18 06:14:44'),(17,'臺北自來水園區','台北市','中正區','886-2-87335678','https://www.travel.taipei/image/63614',444,44,'自來水園區位於臺北盆地之南，公館商圈樞紐地帶，占地面積約20公頃，自然環境依山傍水，為臺北自來水的發源地。園區除了水鄉庭園、噴泉庭園等提供大小朋友親水戲水的歡樂園地外，更是一個以「水資源保育」作為主題特色的環境教育設施場所。除了運轉中的公館淨水場外，更包括日本時期興建全臺供水量最高之自來水設施臺北水道水源地唧筒室（自來水博物館）、觀音山蓄水池、量水室，及戰後興建的渾水抽水站等古蹟建築，園區環境教育中心精心研發適合不同年齡層的水資源教案。同時園區內佔地約5公頃的小觀音山，完整保存屬於淺山低海拔的原生闊葉林相生態，可進行生態探索課程。加上鄰近的寶藏巖國際藝術村、客家文化主題公園及河濱自行車道，提供多面向的不同選擇。','2023-09-18 06:14:45','2023-09-18 06:14:46'),(18,'錢穆故居','台北市','士林區','886-2-28805809','https://www.travel.taipei/image/63706',888,99,'「素書樓」為國學大師錢穆先生生前居所。民國五十六年(1967)，錢先生及夫人自香港來台覓地建屋，得外雙溪今址。為紀念母親生養之恩，錢先生以無錫七房橋五世同堂故居裡，母親居所之「素書堂」作為隱居終老處所之名。樓庭院內的一磚一石、一草一木都是主人多年的心血。錢先生在台期間講學著述不斷，錢先生在課堂上總是神采飛揚，讓聽者能領略中國文化之博大精深，而深受感動，因此素書樓的講堂每每座無虛席。民國七十九年(1990錢先生因故遷出素書樓，不幸在三個月後溘然長逝。民國八十一年(1992)元月六日，政府為紀念錢穆先生，將「素書樓」闢為「錢穆先生紀念館」，並交由台北市立圖書館管理。民國九十年(2001)台北市政府將「素書樓」轉交文化局管理。民國九十年(2001)十二月三十一日，文化局將改名為「錢穆故居」之「素書樓」委託東吳大學經營，民國一百年(2011)一月一日改委託臺北市立大學(原臺北市立教育大學)經營管理。臺北市立大學為重現「素書樓講堂」宏揚中國傳統文化的盛況，在故居開辦一系列與傳統歷史文化相關之講座以享社會大眾。  觀看更多名人故居故事\\t王大閎建國南路自宅\\t孫運璿重慶南路寓所\\t草山行館\\t林語堂故居\\t原臺灣軍司令官官邸(孫立人將軍官邸)\\t摩耶精舍(張大千園邸)','2023-09-18 06:14:47','2023-09-18 06:14:48'),(19,'牯嶺街小劇場','台北市','中正區','886-2-23919393','https://www.travel.taipei/image/373699',888,77,'在清朝時期往來臺北城與古亭庄，會經過牯嶺街。日本時期為了紀念第5任總督佐久間左馬太而稱此地為佐久間町，後來日本戰敗，被迫遣返的日本人，到此賣書籍、字畫換錢回日，成為牯嶺街舊書攤的前身。後大陸人來臺，仿效日本人，成立舊書及古董字畫販售地攤，牯嶺街舊書的名氣也就這樣傳開了，命名為牯嶺，是用來替換掉佐久間町，將殖民的色彩除去。牯嶺街小劇場的大門開向西北，是日本人為了在此做為監控之用，掃視著平原區可能出現的威脅，所以建築物不同於鄰近屋舍格式。國民政府依舊讓這棟房子繼續負起監控的任務，作為警察局，象徵國家權力。中正2分局搬遷到了南海路，此建築物成為小劇場的展演空間，發展藝文活動。空間規劃為辦公室及服務台、文宣品區、實驗劇場、拘留室、會議室、藝文空間、視聽室、排練室。這兒不時有各種活動演出，在臺灣小劇場發展史上佔有重要的位置。','2023-09-18 06:14:49','2023-09-18 06:14:49'),(20,'紫藤廬','台北市','大安區','886-2-23637375','https://www.travel.taipei/image/63742',666,50,'紫藤廬是一個茶館，卻不只是茶館，它是全台灣第一處市定古蹟，也是台北市第一處以人文歷史精神及公共空間內涵為特定而指定的活古蹟：「其為台灣民主運動、反對運動及自由學者的聚場所，所散發的人文氣息，具有教育、文化、政治等功能及特色，並強烈展現市民生活文化意義，具有保存價值。」紫藤廬為日式住宅集中區的一座古雅的木造建築，始建於1920年代，獨門獨院，環境寧靜而清雅；戰後由財政部接收，再由居住者後代開設茶藝館，因屋前的老紫藤緣著屋簷蔓伸，遂命名為「紫藤廬」。整棟古屋充滿了文藝氣息，吸引了許多關心時政人士、前衛文化及藝術工作者常來聚會，緣此，此處逐漸成為自由主義及社會、政治改革運動的空間代名詞。為彰顯紫藤廬的文化價值，經過藝文界人士及業者奔走，紫藤廬於1997年被指定為定古蹟而獲保存，此非因樹老，也非屋老，乃取其精神之故。(部分資料來源：紫藤廬)','2023-09-18 06:14:51','2023-09-18 06:14:51'),(21,'臺中大遠百','臺中市','西屯區','886-4-37022168','https://travel.taichung.gov.tw/content/images/attractions/537/640x480_Filedata635173618561220703.jpg',555,55,'位於台中市最重要交通樞紐上的大遠百為全台最大百貨公司，樓上14層、地下2層的超大百貨，結合美食、百貨、量販、精品、娛樂，配合寬敞空間，讓購物不擁塞，除了國際知名精品進駐外，許多知名美食，如鼎泰豐、GODVA、響食天堂等也進駐於此，而以古早傳統台灣味佈置的台灣美食館，讓消費者彷彿回到6、70年代。此外，整棟建築物以綠能為概念，從基地綠化保水、雨水回收，到屋頂設置太陽能發電系統，以及儲冰式空調，也為城市綠建築大樓創立新的示範。(以上資料由台中大遠百提供)','2023-09-18 06:26:50','2023-09-18 06:26:51'),(22,'柳原教會','臺中市','臺中市400中區興中街119號','886-4-22222749','https://travel.taichung.gov.tw/content/images/attractions/3686/640x480_Filedata635186389875583359.jpg',666,66,'柳原教會為臺灣基督長老教會於日治大正4年(1915)，依梅甘霧（Rev.Campbell N. Moody）牧師提供的英國教會圖樣所興建，隔年(1916)10月竣工。戰後，在舊教堂南側增建新聖殿，民國87 年（1998）又大興土木，完成地下停車場、主日學教室、辦公室、牧師館等。柳原教會舊教堂為簡單的長方形平面，屬於早期基督教教堂的基本型式，稱為「巴西里卡」（Basilica）平面，其造價低廉，採光良好，視線絕佳。民國91年（2002）市府以其為中部最早創立之長老教會建築名作，見證本地區百年教會發展史，亦為臺灣歷史建築保存及再利用之佳例；保存區右側及後側之建築物，分別為1970年代及2000年代所加建，全區見證教會分為三期的百年發展空間歷程，公告登錄為歷史建築。以上文字轉載自臺中市文化資產處。','2023-09-18 06:26:53','2023-09-18 06:26:53'),(23,'梧棲港觀光漁市','臺中市','臺中市436清水區海濱里北堤路30號','886-4-26571586','https://travel.taichung.gov.tw/content/images/attractions/50366/640x480_image637711158333668365.jpg',444,44,'梧棲漁港是臺中市第一座機漁船港，為發展中部地區漁業，並配合臺中港規劃所興建，水域及陸地範圍共計六十頃，港內規劃的漁業專區，可容納五十噸以下漁船三百艘。梧棲漁港的位置大約在臺灣西部海岸，也就是臺灣海峽的中部海域，潮汐深受太平洋潮流影響，每當漲潮海水自南北兩端流入臺灣海峽，在中部一帶相遇造成海水高漲，退潮時海水往兩邊退散，因此造成潮差明顯，平均落差約達四點五公尺，海底地形平緩，於乾潮時有長達三、四公里的沙灘露出水面，擁有千變萬化的景觀及豐富的海洋生態，漁民多從事沿海流刺網及淺海養殖。梧棲漁港因有效推行休閒漁業政策，已轉型成集生產、銷售、觀光、娛樂為一體的綜合性休閒漁港，往後在各級政府輔導的基礎上，以加強魚市場之自動化設備為首要目標，期望將漁港發展成為具有東方色彩、傲視國際的梧棲漁港漁人碼頭，使梧棲漁港登上另一巔峰。\",\n          \"Description\": \"梧棲觀光漁港位於臺中市清水區，在民國七十八年開放自由通行後，人潮漸漸增多，原為小型漁村，因政府興建臺中港，徵收了附近的海埔地，為了兼顧漁業的發展與契合社會的需求，將漁港朝生產、休閒、觀光方向發展。梧棲觀光漁港區域規畫分為：銷售區、直銷區、餐飲區、娛樂漁船、休憩公園及漁港周邊好遊等區。','2023-09-18 06:26:54','2023-09-18 06:26:55'),(24,'潭雅神綠園道','臺中市','潭子區中山路三段1-2號','886-4-25152575','https://travel.taichung.gov.tw/content/images/attractions/37724/640x480_image637395859739276834.jpg',888,88,'玩賞攻略◼️全長約13.1公里自行車專用道◼️沿途四季風情植栽 沿途四季風情植栽及區鎮之風貌：初春櫻花盛開、孟夏黃金雨落及入秋金黃楓飄，一段段的綠色隧道如同城市綠洲一樣，路面坡度平緩，適合親子戶外休閒騎乘，亦療癒穿梭其中的每位遊客身心，令人心曠神怡。利用原軍方舊鐵道神岡支線興建而成，從潭子區中山路起，經大雅區、神岡區，終點在大雅區忠義里的中科腹地，全長約13.1公里，目前潭雅神綠園道已連接到中部科學園區，與中科園區周邊自行車道相連接，成為當地民眾及遊客最佳的遊憩場所。紅圳頭義民祠位於神岡區庄前里，潭雅神綠園道5.25K處旁休憩景點，是往來遊客騎乘自行車必經過之地，許多外地遊客會將義民祠誤為土地公廟，事實上這裡有著歷史走過的痕跡，也是當地具有祭奠、紀念價值意義的景點。而義民祠周邊田園景緻風光美，加上潭雅神綠園道自行車步道和人行步道設施佳，成為當地居民最喜歡悠閒散步的地方。乾隆十二年(1747)葫蘆墩圳開發完成，灌溉區域概括今日之豐原、神岡、潭子、大雅、北屯及西屯等地，水利既興，農墾日進，閩粵移民沿其流域集結村落。當時，東至打蘭溝(今橫山圳)，西至浮圳，計有三支線分流，分別為頭條(浮圳)、二條(中央圳)，三條(橫山圳)，即今神岡、左前、山皮村等地，其流域延伸至大雅，至今尚稱為「紅圳溝」，因初闢時，其地為紅土壤而得名，並為紅圳頂端，而稱「紅圳頭」。','2023-09-18 06:26:57','2023-09-18 06:26:57'),(25,'臺中公園','臺中市','北區雙十路一段65號','886-4-22224174','https://travel.taichung.gov.tw/content/images/attractions/4471/640x480_Filedata635188102051820789.jpg',777,77,'臺灣首座百年公園─臺中公園逾百年的臺中公園，是台中市一直以來的地標，園內林木蓊鬱，還有歷史、人文、動物等元素點綴其中，常說「前人種樹，後人乘涼」，在台灣的市區，要找到像臺中公園這樣綠木群集實不多見，這般的詩情畫意，不知要多久的養成，得以讓後人在疲累的時候，還能找到不花大錢、不需要特別開車跑到山間或溪邊的自然休憩處。 對許多台中人來說，臺中公園是從小到大玩樂休息的好所在，不管運動、或是在湖心亭上划船，有家人相聚的溫馨場所，也有情侶訴說愛意的閒情角落；對旅客而言，臺中公園是台中的地標，是全臺灣首座的百年公園，保有古意盎然的遺蹟，也有地利之便，適合走趟歷史長廊後，前往熱鬧的夜市與車站相當方便，旅館、美食、小吃應有盡有，是絕佳動靜皆宜的行程景點之一。湖心亭          歐風洋式建築的湖心亭，建造於西元1908年(日治時期明治41年)，為慶祝縱貫鐵路全線通車典禮而建，來臺主持的日本閑院宮載仁親王曾夜宿此亭，湖心亭因而聲名大噪；從日治時期開始，湖心亭就一直是臺中市的象徵，在1999年4月17日，湖心亭已正式公告為「市定古蹟」，其範圍包括了涼亭及鄰近的中山橋在內。望月亭望月亭建於西元1889年(清光緒15年)，是目前僅存的臺灣府城遺跡，由於當年清廷來臺灣設省，來臺巡撫劉銘傳將臺中定為台灣省會，因而修建了八座城門以及四座城樓，望月亭即為八座城門中的北門所遺留下來的建築物，隨著時代的變遷，這些舊城樓在日治時期幾乎都已銷毀殆盡，只剩下唯一倖免的望月樓，亭中「曲奏迎神「的匾額，為臺灣知縣黃承乙所提，擁有一百多年歷史的匾額，是臺中公園歷史最為悠久的紀念物，目前現場懸掛為複製品，古物真品暫存於牛罵頭遺址文化園區。更樓原為吳鸞旂公館之正門門樓，吳鸞旂公館約於1980年拆除，臺中市政府為了保留公館的歷史遺跡，將更樓遷移至臺中公園內，是目前臺灣僅存下來的中式更樓建築物。','2023-09-18 06:26:59','2023-09-18 06:27:00'),(26,'中華夜市','臺中市','中區中華路一段','886-4-22289111','https://travel.taichung.gov.tw/content/images/attractions/50358/640x480_image637711136256663846.jpg',450,45,'位於臺中市中區中華路一帶的中華路夜市，是臺中早期著名的夜市之一，中華路夜市存在已超過40年，60年代至70年代時期是台中市極為熱鬧的商圈之一，後來隨著景氣的起落、市政中心的遷移、經過轉型成為中華路觀光夜市。中華路的小吃攤大多從下午5點營業至凌晨4點，有集結南北的台灣小吃，也有異國美食。較為知名的小吃像是知味小攤的招牌生青蚵、各式粥品，潭子臭豆腐，陳記涼茶本舖和阿水師麵攤，牛乳大王和酸梅汁，還有著名的異國美食新加坡肉骨茶，也是眾人推薦的老店之一。走過半世紀的中華夜市，隨著景氣的起落、市政中心的遷移、經過轉型，現在早已不同於原來的風貌，半世紀前有的小吃，現在依然營業。而加入新型態的攤商後，更朝向精緻化路線，轉型成觀光夜市。中華也是或許不像其他年輕化的夜市，有著創新的元素來行銷包裝，但結合臺中早年發展的痕跡，這裡更能找得到歷史的趣味。','2023-09-18 06:27:01','2023-09-18 06:27:01'),(27,'逢甲夜市_逢甲商圈','臺中市','西屯區文華路','886-4-22289111','https://travel.taichung.gov.tw/content/images/attractions/31585/640x480_image637090754968995177.jpg',520,52,'月亮高掛天空，街道依然哄鬧，逢甲商圈鄰近逢甲大學、僑光技術學院等學區，夜市位於逢甲大學側門，從文華路一直延伸到福星路，消費族群以二、三十歲的年輕人為主。因其有著位於學區和接近市區的地緣關係，逐漸成為臺中市夜市集團的龍頭。逢甲文華夜市與其它臺中市夜市最大不同之處，在於其不單是以飲食著稱，也包含了各式各樣的商店，營業時間亦較長。近年來，市政府重新規劃商圈風貌，整修路面，街道造景，並規劃停車空間，努力解決停車的問題。現今逢甲文華夜市嶄新面貌更吸引了不少消費族群，商圈更有逐漸擴大的現象，並成為民眾心目中票選「臺中市十大觀光景點」之一。販賣商品種類玲瑯滿目，個性主題商店林立，低價商品、最HITO的流行小物，讓人輕鬆掌握韓風、日系等最新潮流脈動，一同體驗驚、感染青春。逢甲與一中街經市場調查是青年及青少年最喜歡與最常逛街的兩個商圈，流行服飾及飾品，唱片行、眼鏡行、最新流行3G手機及飾品配備、書籍文具、印刷裝訂等多樣化業種，兼具精品商店及夜市小攤，適合大眾化消費。','2023-09-18 06:27:04','2023-09-18 06:27:04'),(28,'臺中市孔廟','臺中市','北區雙十路二段30 號','886-4-22342264','https://travel.taichung.gov.tw/content/images/attractions/12510/640x480_Filedata635548416164153983.jpg',640,56,'現今的孔廟雖以宣揚儒學為主，但對其他學說亦兼容並蓄，而有先儒先賢之陪祀。來到臺中孔廟，可了解孔廟緣起、孔廟建築群、祭孔大典儀節、大成樂章、孔廟文物、孔廟聖賢事略、禮運篇大同章、八佾舞動畫等介紹。孔廟也是舉辦大型藝文活動、拍攝影片或講習會的最佳場所。建築型式本有典籍可循，惟為審慎再三斟酌，除參考曲阜縣誌及闕里文獻等外，尚廣徵學者專家意見，且為了與相鄰的忠烈祠（清代宮殿式建築與彩繪）做區分，最後決定採用宋代宮殿式建築，以取其渾厚、雍穆、樸實而壯觀，而平面配置係參照曲阜孔廟佈置規模縮小而成。孔廟建地總面積為23,653.20平方公尺，建築物總面積為2,363.88平方公尺。因是古典建築，是臺灣少有的宋式型式，結構複雜多變，裝飾繁疊細緻，在施工上如混凝土之澆灌，由模板組立至鋼筋排紮，每一細部皆精確校正，外表粉飾裝修，尤須棈工細琢。孔廟各殿宇彩繪亦全部採用宋式，以捲草花卉為主，用顏色的深淺來描繪造型，施工相當細膩且繁複，可說是全臺少有的建築典範，值得民眾研究與欣賞。孔廟整體建築群包括下列建築元素：牌坊（道貫古今、德侔天地兩座）、照壁、櫺星門、泮池前院、觀德門、毓粹門、燎亭、瘞所、大成門、大成殿、東廡、西廡、崇聖祠等，可說是全臺最為完備的孔廟之一。除了平面圖仿曲阜外，同時引用曲阜建築語彙名詞與元素，例如觀德門、毓粹門，有別於閩南式建築的禮門、義路等，雖是鋼筋混凝土的新建建築，但孔廟建築復古精神與整體形象表達，堪稱是中國古典式樣新建築的先驅。','2023-09-18 06:27:06','2023-09-18 06:27:06'),(29,'大坑9號及9-1號步道','臺中市','北屯區經補路一段383巷','886-4-22289111#58511','https://travel.taichung.gov.tw/content/images/attractions/38157/640x480_image637435380019345738.jpg',780,78,'大坑風景區～登山步道導覽大坑風景區為臺中市民心靈沉澱的重要休閒場所，也是登山客踏青健身之地，更是中部地區熱門的觀光景點；在平常或例假日處處可見同好攜伴、闔家同遊景象，成為臺中市民共同擁有的後花園。其最具特色的景點即為13條登山步道，第1～8號步道自民國70年初開闢，依大坑山與溪流交錯的天然地形闢建而成，海拔最高為859公尺，即台中市最高點：頭嵙山。9號步道於94年12月開拓，10號步道則於97年3月建造完成，9-1號步道於102年11月建造完成。9號步道長　度：約1.6公里，適合全家大小健走。登山口：經補庫停車場斜對面之經補路直走至九九橋。特　色：此步道沿途充滿綠蔭，環境十分清幽，視野相當遼闊，可遠眺十一期重劃區都市景致，另有日據時期遺留之彈藥庫及大里溪，在路口處為九二一地震公園。9-1號步道長　度：約0.6公里，適合全家大小健走。登山口：經補庫停車場斜對面之經補路直走經過九九橋再直走。特　色：於前往步道口路途中設有農夫市集，登山民眾可在此買到大坑地區農特產品。 大坑風景區緊急事故處理東山派出所　　：東山路2段30號　  ，TEL：04-22392713台中市救難協會：東山路2段151-2號，TEL：04-22110022露營相關問題～中正露營區電話：04-22390685\",\n          \"Description\": \"9號步道入口位於經補路一段383巷內，可由大坑地震公園旁之經補路轉入經補路一段383巷，可直行產業道路爬坡而上，連接6號步道及觀音亭。由經補路起算全程約1.7公里，來登山民眾可將車輛停放在經補庫停車場或地震公園旁停車場後，即可享受一段優質的登山之旅。大坑9-1步道路線緩和，輕鬆易行，步道頭尾都與經補路相接，自步道出口連接9號步道，再與10號步道形成環狀路線，約1.5小時可行走完畢，歡迎愛好登山健行的民眾前往登爬。','2023-09-18 06:27:07','2023-09-18 06:27:07'),(30,'麗寶樂園渡假區','臺中市','后里區福容路8號','886-4-25582459','https://travel.taichung.gov.tw/content/images/attractions/26545/640x480_image636658612985278630.jpg',850,85,'「麗寶樂園渡假區」 玩樂All in one 大人小孩都滿足全台最受矚目的新魅力景點-麗寶樂園渡假區，不但是全台最大的休閒渡假中心，更是一座精彩的超級娛樂城，3天2夜也玩不完! 渡假區占地200公頃，位於台中后里，渡假區交通位置得天獨厚，雙高速公路比臨，自行開車從國道1號後裡交流道下，3分鐘就能輕鬆抵達歡樂的夢想天堂，也可選擇搭乘高鐵，只要事先於搭乘前一日預約，就還能享有渡假區貼心提供的台中高鐵至渡假區的免費接駁專車，最省時便利。麗寶樂園渡假區是臺灣最具規模的渡假園區，園內有水陸雙樂園、五星級渡假飯店-福容大飯店、密室逃脫旗艦館、超級休息站-麗寶道之驛、麗寶OUTLET MALL、國際級賽車場，以及臺灣最大的120米超級摩天輪，不論是玩樂園、嘗美食、住飯店、逛OUTLET、開卡丁車、搭摩天輪，都能一站滿足所有人的需求。轉動臺灣新地標「天空之夢SKY DREAM」摩天輪 2017年5月中旬正式起飛的「天空之夢SKY DREAM」摩天輪，將刷新臺灣的天際線! 不但是全球前10大、臺灣最大的摩天輪，更是臺灣的新地標，與外觀五彩繽紛的麗寶OUTLET MALL共構，摩天輪高度120公尺，海拔總高度384公尺，比101觀景台88樓還高2出公尺，當摩天輪升到海拔總高度384米高空時，還可看到臺灣海峽以及雪山山脈。摩天輪共有60個車廂，每車最多可搭乘8人，轉一圈約25分鐘，車內還貼心備有USB充電插座，完善的WIFI建構讓您高空打卡不卡卡。白天觀山望遠，可遠眺臺灣海峽、一覽群山環繞之美，到了夜晚，摩天輪燈光秀絢爛奪目，與城市的夜景交相輝映，浪漫迷人。 亞洲購物新指標 ｢麗寶Outlet Mall｣          麗寶Outlet Mall營造《歡樂、休閒、輕快、小時尚風格》帶領消費者開心玩快樂買。中部最大的麗寶Outlet Mall，外觀以義大利渡假小鎮 Portofino(中譯：芬諾港)的建築風格，搭配全臺灣最大摩天輪「天空之夢」，展現麗寶Outlet Mall的浪漫休閒異國風情，彙集120個國際品牌，全年2折起，免門票即可逛OUTLET，有全台獨家的寵物狗樂園、兒童專屬用餐區、還有「北海道拉麵四大天王」、「札幌藥妝」、「北海道天使布丁」、日本「Best電器」等特色美食、物販，免出國就能同步感受日本零時差的歡樂購物體驗。亞洲最佳卡丁賽道 ｢麗寶國際賽車場｣ 麗寶國際賽車場，日前經國際汽車聯盟（FIA）給予「亞洲最佳卡丁賽道」的高度評價，麗寶國際賽車場卡丁賽道已試營運，總長超過1.5公里，是全台最長，也是唯一獲得CIK國際認證的全台最高規格，而義大利原裝進口的卡丁車更是全台馬力最大，為了讓遊客有更難忘的體驗，麗寶國際賽車場更獨步全台，推出GoPro錄影加值服務，透過絕佳的架設位置與影像品質，讓遊客將自己馳騁在一流賽道的實況畫面永久保留下來，試營運期間，平日僅開放下午14:00~16:00，假日下午時段外，另新增上午10:00~12:00，試營運期間僅開放電話預約，欲體驗者務必先來電確認。歡笑冒險天堂  白天晚上都好玩「麗寶樂園」全台最大水上樂園馬拉灣，，園內有多達11項的戲水設施，有剌激必玩的「大海嘯」、「極速勇士」超長滑水道、「阿酋彎」親子互動親水城等多樣好玩設施，還有全東南亞最大的人工造浪池『大海嘯』，在咚咚嘿的興奮喊叫中，迎接2.4米高的超級猛浪「大海嘯」，享受夏日逐浪戲水的清涼快感；陸上的探索樂園，有全球唯一的斷軌式雲霄飛車「搶救地心」，白天可以暢玩32項遊樂設施，欣賞精彩的表演秀，週末假日則是開放星光樂園，有600萬顆LED燈，將全園區妝點出夢幻又浪漫的氣氛，閃亮的繽紛彩燈，讓所有遊樂設施都多了童話世界的感覺，美麗的燈光造景也獲得網友票選樂園夜景第一名，假日入園還能欣賞星空煙火秀。全台首選親子住宿飯店 ｢福容大飯店麗寶樂園店｣ 麗寶樂園渡假區玩累了，逛累了，步行三分鐘即可以抵達五星級的福容大飯店，體驗榮獲2017-2018世界品牌獎（World Branding Awards），享受全台最頂級的卓越服務。外觀以繽紛搶眼的色彩迎接旅客，打造出無限驚喜與現代結合的獨特風格，同時，以親子同樂的角度規劃整體的服務與設備，明亮開闊的客房空間、多重選擇的特色餐廳、豐富有趣的休閒環境，滿足闔家出遊及各種客層的住宿需求，讓所有入住的旅客都能盡情享受快樂假期，14坪舒適寬敞大空間，讓身心徹底放鬆，元氣滿滿。以上圖文由麗寶樂園提供。\",\n          \"Description\": \"全台最大渡假區玩樂園、住福容、逛outlet、開賽車 、搭摩天輪 水陸空玩樂新體驗 一站滿足','2023-09-18 06:27:09','2023-09-18 06:27:10'),(31,'中都愛河濕地公園','高雄市','三民區同盟三路與十全三路交叉處','886-7-7995678','https://khh.travel/image/889/640x480',770,70,'串起高雄城市生態綠廊的中都愛河濕地公園座落於愛河南側的十全與九如路之間，全長約2.5公里，佔地達七千餘平方公尺。為了打造與市民生活融合的「水岸花香的永續生態城市」，愛河濕地公園以生態工法構築邊坡，重現早期溼地豐富生態棲息環境。園區設置原木建築為遊客解說中心，另有木造涼亭、吊橋、潮汐親水平台以及漂流木為設計主軸的燈具座椅等設施，質樸中深具原野氣息，而仿自然的複層林相植栽也使市區重現豐富林相。悠遊於綠油油曲折玲瓏的河岸可見各種水鳥飛翔駐留、紅樹林和濕地更使愛河重現盎然生機。由於中都濕地公園打造出兼具自然生態、教育解說及民眾休憩等眾多功能，又完整呈現愛河沿岸多樣性的風貌，2012年榮獲「全球卓越建設獎」殊榮，也因此有高雄都會桃花源的美稱。','2023-09-18 06:44:09','2023-09-18 06:44:10'),(32,'愛河之心','高雄市','三民區博愛一路和同盟一路、二路','886-7-7995678','https://khh.travel/content/images/Attractions/18372/640x480_attractions-image-bae0klru_u-qfd7nguvujw.jpg',800,90,'位於高雄市博愛一路和同盟一路的愛河中上游，愛河之心是由東湖與西湖構成，兩湖中間興建一座橋貫通，形狀好似一個心形。佔地1.4平方公里的愛河之心是二個人工蓄洪湖構成，較淺的東湖是生態池，打造的仿自然環境供魚蝦生物棲息生長，西湖因水位較深，除了滯洪及生態功能外還供愛河遊船行駛停靠，兩湖之間由空橋連繫，形成美麗的心型。每當夜幕低垂，彩色燈光投影在湖畔水景噴泉及橋面，白色縷空護欄也映照出朵朵美麗心花，猶如愛河上最閃爍燦爛的珠寶，浪漫情調總是吸引遊客情侶在湖畔漫遊、不捨離去。愛河之心交通便捷，除公路捷運外，尚有水路遊船及單車步道，是體會夜高雄之美的最佳去處。\",\n          \"Description\": \"位於高雄市的愛河中上游，愛河之心是二個人工蓄洪湖東湖與西湖構成，兩湖中間興建一座橋貫通，形狀好似一個心形。','2023-09-18 06:44:11','2023-09-18 06:44:12'),(33,'佛光山','高雄市','大樹區興田里興田路153號','886-7-6561921','https://khh.travel/content/images/Attractions/18453/640x480_attractions-image-nklp00q7cu2yvhwwckcuga.jpg',900,60,'佛光山寺位於大樹區北端，由星雲法師於民國56年帶領弟子披荊斬棘一磚一瓦所建，佔地五十餘公頃，與2011年新建的佛陀紀念館綿延於高屏溪右岸，大大小小的佛殿依山勢羅列，莊嚴雄渾、氣勢宏偉，是臺灣重要的佛教勝地。佛光山有四座殿堂式主建築及上萬尊的神像，另有教育、醫療、美術館等等機構，是以推動人間佛教、建設人間淨土為宗旨，綜合了弘法、教育、慈善、文化、朝聖等並行發展之現代道場。佛光山提供信眾參拜及佛學清修教育等多元環境，同時也是遊人朝聖踏青的熱門景點，尤以夕陽西下時大佛與宮殿式寺廟沐浴在暮靄霞光中更顯莊嚴恢宏、見之忘卻塵世煩憂。農曆春節到元宵期間，滿山掛滿花燈，入夜後更是光華燦爛、美不勝收。','2023-09-18 06:44:13','2023-09-18 06:44:14'),(34,'六義山登山步道','高雄市','甲仙區南段紫霞入口','886-7-6612031','https://khh.travel/image/343/640x480\"',500,60,'六義山海拔約784公尺，屬阿里山山脈烏山山系，為高雄甲仙與台南南化的界山，日治時期就是熱門的登山路線。步道沿山脊開發，步道仿日據時代古道整理，採用自然生態工法仿木紋樁路面，全長約4.35公里；共有4處登山入口，由北至南分別為四德、公館、百葉與紫霞入口，縱走單程約花費3小時。沿途樹種繁多，不同季節前來各有不同的開花植物，尤其冬季一片梅樹開花，香味撲鼻、美麗夢幻；往西、東、南方向可眺望南化水庫、中央山脈及阿里山烏山山系，視野遼闊十分適合觀賞夕照，沿途並設有觀湖平台、賞梅平台、三角點六義山紀念碑、埡口觀景台及觀壩亭等景點，是林務局評選的國家級健康步道。\",\n          \"Description\": \"共有4處登山入口，縱走單程約花費3小時，沿途樹種繁多，不同季節前來各有不同的開花植物，尤其冬季一片梅樹開花，香味撲鼻、美麗夢幻。','2023-09-18 06:44:15','2023-09-18 06:44:15'),(35,'前鎮漁港','高雄市','前鎮區漁港南一路','886-7-7995678','https://khh.travel/image/978/640x480',660,60,'前鎮漁港是高雄最大的漁港，水域面積有312,500平方公尺，陸上面積320,000平方公尺，大約可停靠數十艘千噸級的遠洋漁船，大部分的遠洋漁船都在此卸貨，使得這裡的漁貨既多元又豐富，可謂帶動高雄漁業產業的龍頭，而南部地區的漁業機構，例如海洋局、遠洋漁業中心、水產試驗所、工會、漁業文化館等等也在此地聚集，目前為臺灣停泊漁船噸級最大，漁獲量最多之遠洋漁港，是全國最大的漁業重鎮。每天天色剛亮，漁船紛紛進港，有些漁貨都直接送往附近的加工廠加工處理，其它則送至批發或直銷市場販售，民眾可在熱鬧蓬勃的漁市購買新鮮漁獲，也可到漁業大樓的水產陳列館和漁村文物館參觀，認識豐富的海洋水產資源以及早期漁村的生活型態。前鎮漁港由於腹地廣大與功能眾多，可說是全臺最大，兼具漁業、觀光休閒、文化教育和海上交通等多功能發展的漁港。','2023-09-18 06:44:16','2023-10-06 06:17:05'),(36,'前鎮之星','高雄市','前鎮區中山三路與凱旋四路交叉口\"','886-7-7995678','https://khh.travel/content/images/Attractions/25/640x480_ck9a0454_6262.jpg',800,75,'位於中山四路與凱旋四路口的前鎮之星是一座多功能自行車橋。由於此多叉路口交通動線複雜、車流龐大，行人穿越馬路時險象環生，自行車道的設置不但使人車安全得以改善，同時也串聯臨港線自行車道、前鎮河自行車道及鳳山溪自行車道系統，形成節能減碳的完整自行車網絡。前鎮之星橋樑寬度5米，採人與自行車分流。在結構上以弧型鋼骨往四面延伸，搭配隨曲線翻折的遮陽頂棚，創造出多層次的美感，也軟化了都市剛硬的景觀。車道的交叉點設計成如樹幹般的造型並有一座空中花園，除了為都市設立一個地標性的焦點，也為在橋上行走或騎乘單車的使用者打造可供停留休憩、並充滿自然風情的中心區，憑欄眺望街景無限快意。夜間時上橋引道及橋體打上不同顏色與層次的照明光暈，使人車使用更加安全，為前鎮塑造了繽紛多彩的新地標。','2023-09-18 06:44:18','2023-10-06 06:17:05'),(37,'珍芳烏魚子見學工廠','高雄市','前鎮區新衙路296巷81弄13號','886-7-8227488','https://khh.travel/image/2020/640x480',600,35,'珍芳烏魚子是一家擁有五十年專業經驗的烏魚子工廠，第一代經營者最初的銷售店面，是在鹽埕市場裡的一間2坪小店，因製作技術及品質深受顧客信賴，建立出良好口碑及穩固客源。第二代經營者接手後，不僅遵循古法製程並導入現代化專業程序，是第一家取得ISO22000與HACCP食品安全雙認證的烏魚子工廠。​​​​​​為了讓更多民眾了解珍芳烏魚子，創立「珍芳烏魚子見學工廠」把烏魚子這個產業帶到另一個文化的層面，結合食品與文創觀光，讓遊客來這裡能體驗五感，「看的到、聽的到、摸的到、吃的到、聞的到烏魚子」，希望在休閒旅遊體驗時，能兼具食－遊－玩－學。帶您走進烏魚的時光隧道，一同來探索烏金歷史，了解高雄獨特的烏魚子文化產業。','2023-09-18 06:44:20','2023-10-06 06:17:05'),(38,'美濃窯','高雄市','美濃區福美路496巷6號','886-7-6817873','https://khh.travel/image/1454/640x480',900,47,'鍾靈毓秀的靈山山麓下，由藝術家朱邦雄博士打造的美濃窯工作室就在此紮根，催生陶藝公共藝術。在結合青山綠樹的開放空間中，參觀的民眾，常有機會觀賞到藝術家創作大型陶壁藝術雕塑製作的盛況，與自然景觀合一的藝術創作總讓參觀者深受感動。美濃窯的作品除了大型的陶壁公共藝術之外，也創作適合裝置於一般住宅、別墅的小型陶壁藝術，精心設計的陶藝作品蘊含了濃厚在地人文，深受愛好陶磁藝術者的喜愛蒐藏。除了參觀與欣賞，美濃窯提供遊客陶藝DIY體驗，藉由與泥土接觸的過程感受自然、純樸的樂趣，並打造獨一無二的作品。而窯燒咖啡廳有陶壁妝點出華麗外觀，連咖啡桌都出自陶藝創作，提供參訪者身心至高的藝術享受。美濃窯是個培養個人心性與人文氣息的所在，如果想對臺灣陶壁藝術有更深入的探索，走一趟美濃窯相信會給你最深刻的感受。','2023-09-18 06:44:21','2023-10-06 06:17:05'),(39,'光榮碼頭','高雄市','苓雅區海邊路與新田路口','886-7-7995678','https://khh.travel/content/images/Attractions/20136/640x480_attractions-image-k6bfxu1ftuq64nf9ml9iea.jpg',800,44,'光榮碼頭位於愛河出海口及高雄港的交界，曾是載運金馬人員及軍事物資重地的13號碼頭，在功成身退後更名為光榮碼頭並開放成觀光遊憩區。不論是眺望碧海藍天與城市高樓景觀交映的壯麗景觀，或是欣賞高雄港日夜晨昏不同的風光皆讓人陶然沈醉。','2023-09-18 06:44:23','2023-10-06 06:17:05'),(40,'清真寺','高雄市','苓雅區建軍路11號','886-7-7496812','https://khh.travel/image/1018/640x480',400,71,'高雄清真寺為臺灣第二座清真寺，創建於1949年，是當時隨政府遷台的軍、公、教人員並篤信伊斯蘭教的穆斯林倡議籌款所設立，由於穆民日眾不敷使用，又於1990年動工興建如今的規模。高雄清真寺外觀是典型的伊斯蘭教風格，清新的綠色方型建築、中有圓拱尖頂及叫拜塔樓，內部則有寬敞明亮的禮拜大廳，是南部最大的回教信仰中心。','2023-09-18 06:44:25','2023-10-06 06:17:05');
/*!40000 ALTER TABLE `tour` ENABLE KEYS */;
UNLOCK TABLES;

--
-- Table structure for table `user`
--

DROP TABLE IF EXISTS `user`;
/*!40101 SET @saved_cs_client     = @@character_set_client */;
/*!50503 SET character_set_client = utf8mb4 */;
CREATE TABLE `user` (
  `user_id` int NOT NULL AUTO_INCREMENT,
  `email` varchar(256) NOT NULL,
  `password` varchar(256) NOT NULL,
  `created_date` timestamp NOT NULL,
  `last_modified_date` timestamp NOT NULL,
  PRIMARY KEY (`user_id`),
  UNIQUE KEY `email` (`email`)
) ENGINE=InnoDB AUTO_INCREMENT=11 DEFAULT CHARSET=utf8mb4 COLLATE=utf8mb4_0900_ai_ci;
/*!40101 SET character_set_client = @saved_cs_client */;

--
-- Dumping data for table `user`
--

LOCK TABLES `user` WRITE;
/*!40000 ALTER TABLE `user` DISABLE KEYS */;
INSERT INTO `user` VALUES (6,'test6@gmail.com','202cb962ac59075b964b07152d234b70','2023-09-08 09:12:39','2023-09-08 09:12:39'),(7,'test@test.com','202cb962ac59075b964b07152d234b70','2023-10-02 12:02:51','2023-10-02 12:02:51'),(8,'test2@text.com','202cb962ac59075b964b07152d234b70','2023-10-02 12:14:16','2023-10-02 12:14:16'),(9,'test123@test.com','202cb962ac59075b964b07152d234b70','2023-10-02 12:38:06','2023-10-02 12:38:06'),(10,'test147@text.com','202cb962ac59075b964b07152d234b70','2023-10-02 12:40:39','2023-10-02 12:40:39');
/*!40000 ALTER TABLE `user` ENABLE KEYS */;
UNLOCK TABLES;
/*!40103 SET TIME_ZONE=@OLD_TIME_ZONE */;

/*!40101 SET SQL_MODE=@OLD_SQL_MODE */;
/*!40014 SET FOREIGN_KEY_CHECKS=@OLD_FOREIGN_KEY_CHECKS */;
/*!40014 SET UNIQUE_CHECKS=@OLD_UNIQUE_CHECKS */;
/*!40101 SET CHARACTER_SET_CLIENT=@OLD_CHARACTER_SET_CLIENT */;
/*!40101 SET CHARACTER_SET_RESULTS=@OLD_CHARACTER_SET_RESULTS */;
/*!40101 SET COLLATION_CONNECTION=@OLD_COLLATION_CONNECTION */;
/*!40111 SET SQL_NOTES=@OLD_SQL_NOTES */;

-- Dump completed on 2023-11-05 21:09:27
